{"param_names": {"ns": 0, "Ap": 1, "herei": 2, "heref": 3, "alphaq": 4, "hub": 5, "omegamh2": 6, "hireionz": 7, "bhfeedback": 8}, "param_limits": [[0.8, 0.995], [1.2e-09, 2.6e-09], [3.5, 4.1], [2.6, 3.2], [1.6, 2.5], [0.65, 0.75], [0.14, 0.146], [6.5, 8.0], [0.03, 0.07]], "fullphysics": true, "kf": [0.001084, 0.001626, 0.002168, 0.00271, 0.003252, 0.003794, 0.004336, 0.004878, 0.00542, 0.005962, 0.006504, 0.007046, 0.007588, 0.00813, 0.008672, 0.009214, 0.009756, 0.010298, 0.01084, 0.011382, 0.011924, 0.012466, 0.013008, 0.01355, 0.014092, 0.014634, 0.015176, 0.015718, 0.01626, 0.016802, 0.017344, 0.017886, 0.018428, 0.01897, 0.019512], "mf": [], "npart": 512, "box": 30, "maxk": 5.3686390555116015, "omegabh2": 0.0224, "max_z": 5.4, "min_z": 2.0, "sample_params": [[0.8812500000000001, 2.0166666666666665e-09, 3.75, 2.83, 2.035, 0.6816666666666666, 0.1433, 7.875, 0.060000000000000005], [0.94625, 1.97e-09, 3.61, 3.1900000000000004, 2.125, 0.6583333333333333, 0.14250000000000002, 6.775, 0.048], [0.96575, 1.83e-09, 3.77, 3.13, 2.425, 0.7383333333333333, 0.1405, 6.725, 0.06133333333333334], [0.8316875, 1.4275e-09, 3.9574999999999996, 3.0425000000000004, 2.3537500000000002, 0.7262500000000001, 0.142775, 7.75625, 0.05650000000000001], [0.92025, 1.87666667e-09, 3.93, 3.17, 2.185, 0.678333333, 0.1421, 7.825, 0.0306666667], [0.87475, 1.5966666666666667e-09, 3.57, 2.75, 1.735, 0.6883333333333334, 0.14529999999999998, 7.975, 0.068]], "basedir": "/scratch1/06429/mfern027/emu_30mpc_hires", "tau_thresh": 1000000.0, "really_arrays": ["param_limits", "kf", "sample_params"], "myspec": null}