{"param_names": {"ns": 0, "Ap": 1, "herei": 2, "heref": 3, "alphaq": 4, "hub": 5, "omegamh2": 6, "hireionz": 7, "bhfeedback": 8}, "param_limits": [[0.8, 0.995], [1.2e-09, 2.6e-09], [3.5, 4.1], [2.6, 3.2], [1.6, 2.5], [0.65, 0.75], [0.14, 0.146], [6.5, 8.0], [0.03, 0.07]], "fullphysics": true, "kf": [0.001084, 0.001626, 0.002168, 0.00271, 0.003252, 0.003794, 0.004336, 0.004878, 0.00542, 0.005962, 0.006504, 0.007046, 0.007588, 0.00813, 0.008672, 0.009214, 0.009756, 0.010298, 0.01084, 0.011382, 0.011924, 0.012466, 0.013008, 0.01355, 0.014092, 0.014634, 0.015176, 0.015718, 0.01626, 0.016802, 0.017344, 0.017886, 0.018428, 0.01897, 0.019512], "mf": [], "npart": 256, "box": 30, "maxk": 5.3686390555116015, "omegabh2": 0.0224, "max_z": 5.4, "min_z": 2.0, "sample_params": [[0.93975, 1.7366666666666667e-09, 3.63, 3.0700000000000003, 1.975, 0.7416666666666667, 0.1449, 7.275, 0.034666666666666665], [0.87475, 1.5966666666666667e-09, 3.57, 2.75, 1.735, 0.6883333333333334, 0.14529999999999998, 7.975, 0.068], [0.98525, 1.4099999999999999e-09, 4.05, 2.79, 2.365, 0.6683333333333333, 0.1423, 7.925, 0.05333333333333333], [0.82925, 1.3633333333333334e-09, 3.55, 2.61, 1.945, 0.7016666666666667, 0.1401, 6.675, 0.03333333333333333], [0.94625, 1.97e-09, 3.61, 3.1900000000000004, 2.125, 0.6583333333333333, 0.14250000000000002, 6.775, 0.048], [0.9722500000000001, 1.5033333333333333e-09, 3.9699999999999998, 2.71, 2.335, 0.735, 0.1435, 7.475, 0.056], [0.92675, 1.2233333333333332e-09, 3.8899999999999997, 2.95, 1.915, 0.7116666666666667, 0.1431, 7.175, 0.04533333333333334], [0.8227500000000001, 2.4366666666666667e-09, 3.71, 3.1100000000000003, 1.855, 0.7283333333333333, 0.1427, 7.775, 0.04], [0.9137500000000001, 1.6433333333333332e-09, 4.069999999999999, 2.85, 1.7950000000000002, 0.6616666666666667, 0.14150000000000001, 6.925, 0.050666666666666665], [0.90075, 2.3433333333333333e-09, 3.8499999999999996, 2.73, 2.1550000000000002, 0.725, 0.14429999999999998, 7.725, 0.06666666666666668], [0.90725, 1.55e-09, 3.8099999999999996, 2.63, 2.095, 0.685, 0.1439, 7.125, 0.058666666666666666], [0.83575, 1.27e-09, 3.67, 2.97, 1.7650000000000001, 0.7083333333333334, 0.14170000000000002, 7.225, 0.044], [0.86175, 1.9233333333333335e-09, 3.9099999999999997, 2.91, 2.395, 0.6983333333333334, 0.1437, 7.075, 0.04933333333333334], [0.9592499999999999, 2.2033333333333334e-09, 3.51, 2.77, 1.8250000000000002, 0.665, 0.1451, 7.025, 0.064], [0.80325, 1.4566666666666668e-09, 3.73, 2.69, 2.215, 0.655, 0.1429, 6.975, 0.036], [0.89425, 2.3900000000000002e-09, 3.8699999999999997, 3.0300000000000002, 2.065, 0.7216666666666667, 0.1459, 6.825, 0.04133333333333333], [0.95275, 2.2500000000000003e-09, 4.09, 2.89, 2.245, 0.7183333333333334, 0.1447, 6.575, 0.06533333333333334], [0.96575, 1.83e-09, 3.77, 3.13, 2.425, 0.7383333333333333, 0.1405, 6.725, 0.06133333333333334], [0.8812500000000001, 2.0166666666666665e-09, 3.75, 2.83, 2.035, 0.6816666666666666, 0.1433, 7.875, 0.060000000000000005], [0.99175, 2.576666666666667e-09, 3.83, 3.1500000000000004, 1.615, 0.745, 0.1411, 7.425, 0.05466666666666667], [0.8552500000000001, 2.156666666666667e-09, 3.59, 3.0900000000000003, 2.005, 0.6516666666666667, 0.1409, 7.574999999999999, 0.05733333333333333], [0.81625, 2.0633333333333334e-09, 4.01, 3.0100000000000002, 2.305, 0.6716666666666666, 0.14070000000000002, 7.525, 0.04666666666666667], [0.93325, 1.7833333333333334e-09, 3.9899999999999998, 2.87, 1.675, 0.7050000000000001, 0.1455, 7.325, 0.037333333333333336], [0.84225, 2.296666666666667e-09, 3.79, 2.93, 2.455, 0.675, 0.1441, 7.375, 0.06266666666666668], [0.86825, 2.53e-09, 3.69, 2.99, 1.705, 0.6916666666666667, 0.1445, 6.525, 0.03866666666666667], [0.84875, 2.11e-09, 3.9499999999999997, 2.81, 2.4850000000000003, 0.7483333333333333, 0.1413, 6.875, 0.042666666666666665], [0.92025, 1.8766666666666666e-09, 3.9299999999999997, 3.17, 2.185, 0.6783333333333333, 0.1421, 7.825, 0.030666666666666665], [0.8097500000000001, 1.3166666666666667e-09, 3.65, 3.0500000000000003, 1.645, 0.715, 0.1457, 7.675, 0.052000000000000005], [0.88775, 2.4833333333333336e-09, 4.029999999999999, 2.65, 1.885, 0.7316666666666667, 0.1419, 7.625, 0.06933333333333334], [0.97875, 1.69e-09, 3.53, 2.67, 2.275, 0.6950000000000001, 0.1403, 6.625, 0.032], [0.9096875, 1.9875e-09, 3.5975, 2.8775000000000004, 2.19625, 0.74625, 0.144575, 7.19375, 0.0645], [0.9438125, 1.2875e-09, 4.0024999999999995, 2.6375, 1.65625, 0.6737500000000001, 0.140375, 7.49375, 0.044500000000000005], [0.8706875000000001, 1.8475e-09, 3.8225, 2.9375, 2.01625, 0.68375, 0.142175, 6.74375, 0.052500000000000005], [0.9681875, 1.7075000000000002e-09, 3.7624999999999997, 2.8175000000000003, 1.74625, 0.70375, 0.14097500000000002, 6.55625, 0.0605], [0.9291875, 1.5675e-09, 3.7024999999999997, 2.9825, 2.28625, 0.69375, 0.143225, 6.89375, 0.036500000000000005], [0.9876875, 2.2325000000000003e-09, 3.8975, 3.1025, 1.81375, 0.6637500000000001, 0.145025, 7.30625, 0.0485], [0.8316875, 1.4275e-09, 3.9574999999999996, 3.0425000000000004, 2.3537500000000002, 0.7262500000000001, 0.142775, 7.75625, 0.05650000000000001], [0.8853125000000001, 2.1275000000000004e-09, 3.5375, 2.6975000000000002, 2.08375, 0.71625, 0.145625, 7.94375, 0.0405], [0.8511875, 2.4075000000000002e-09, 3.6574999999999998, 2.7575000000000003, 2.46625, 0.65375, 0.143825, 7.64375, 0.0315], [0.8073125000000001, 2.5475e-09, 4.0775, 3.1775, 1.92625, 0.73625, 0.141425, 7.00625, 0.0685]], "basedir": "../emu_30mpc_lores", "tau_thresh": 1000000.0, "really_arrays": ["param_limits", "kf", "sample_params"], "myspec": null}